"url","Column 1","Pas 1","Pas 1_alt","Pas 2","Pas 2_link","Pas 3","Col 1","Col 2","Col 3","Total"
"https://es.wikipedia.org/wiki/Anexo:Medallero_de_los_Juegos_Ol%C3%ADmpicos_de_Pek%C3%ADn_2008","1","https://upload.wikimedia.org/wikipedia/commons/thumb/f/fa/Flag_of_the_People%27s_Republic_of_China.svg/20px-Flag_of_the_People%27s_Republic_of_China.svg.png","Bandera de la República Popular China","China","https://es.wikipedia.org/wiki/China_en_los_Juegos_Ol%C3%ADmpicos_de_Pek%C3%ADn_2008","(CHN)","48","22","30","100"
"https://es.wikipedia.org/wiki/Anexo:Medallero_de_los_Juegos_Ol%C3%ADmpicos_de_Pek%C3%ADn_2008","2","https://upload.wikimedia.org/wikipedia/commons/thumb/a/a4/Flag_of_the_United_States.svg/20px-Flag_of_the_United_States.svg.png","Bandera de Estados Unidos","Estados Unidos","https://es.wikipedia.org/wiki/Estados_Unidos_en_los_Juegos_Ol%C3%ADmpicos_de_Pek%C3%ADn_2008","(USA)","36","39","37","112"
"https://es.wikipedia.org/wiki/Anexo:Medallero_de_los_Juegos_Ol%C3%ADmpicos_de_Pek%C3%ADn_2008","3","https://upload.wikimedia.org/wikipedia/commons/thumb/f/f3/Flag_of_Russia.svg/20px-Flag_of_Russia.svg.png","Bandera de Rusia","Rusia","https://es.wikipedia.org/wiki/Rusia_en_los_Juegos_Ol%C3%ADmpicos_de_Pek%C3%ADn_2008","(RUS)","24","13","23","60"
"https://es.wikipedia.org/wiki/Anexo:Medallero_de_los_Juegos_Ol%C3%ADmpicos_de_Pek%C3%ADn_2008","4","https://upload.wikimedia.org/wikipedia/commons/thumb/a/ae/Flag_of_the_United_Kingdom.svg/20px-Flag_of_the_United_Kingdom.svg.png","Bandera de Reino Unido","Reino Unido","https://es.wikipedia.org/wiki/Reino_Unido_en_los_Juegos_Ol%C3%ADmpicos_de_Pek%C3%ADn_2008","(GBR)","19","13","17","49"
"https://es.wikipedia.org/wiki/Anexo:Medallero_de_los_Juegos_Ol%C3%ADmpicos_de_Pek%C3%ADn_2008","5","https://upload.wikimedia.org/wikipedia/commons/thumb/b/ba/Flag_of_Germany.svg/20px-Flag_of_Germany.svg.png","Bandera de Alemania","Alemania","https://es.wikipedia.org/wiki/Alemania_en_los_Juegos_Ol%C3%ADmpicos_de_Pek%C3%ADn_2008","(GER)","16","11","14","41"
"https://es.wikipedia.org/wiki/Anexo:Medallero_de_los_Juegos_Ol%C3%ADmpicos_de_Pek%C3%ADn_2008","6","https://upload.wikimedia.org/wikipedia/commons/thumb/8/88/Flag_of_Australia_%28converted%29.svg/20px-Flag_of_Australia_%28converted%29.svg.png","Bandera de Australia","Australia","https://es.wikipedia.org/wiki/Australia_en_los_Juegos_Ol%C3%ADmpicos_de_Pek%C3%ADn_2008","(AUS)","14","15","17","46"
"https://es.wikipedia.org/wiki/Anexo:Medallero_de_los_Juegos_Ol%C3%ADmpicos_de_Pek%C3%ADn_2008","7","https://upload.wikimedia.org/wikipedia/commons/thumb/0/09/Flag_of_South_Korea.svg/20px-Flag_of_South_Korea.svg.png","Bandera de Corea del Sur","Corea del Sur","https://es.wikipedia.org/wiki/Corea_del_Sur_en_los_Juegos_Ol%C3%ADmpicos_de_Pek%C3%ADn_2008","(KOR)","13","11","8","32"
"https://es.wikipedia.org/wiki/Anexo:Medallero_de_los_Juegos_Ol%C3%ADmpicos_de_Pek%C3%ADn_2008","8","https://upload.wikimedia.org/wikipedia/commons/thumb/9/9e/Flag_of_Japan.svg/20px-Flag_of_Japan.svg.png","Bandera de Japón","Japón","https://es.wikipedia.org/wiki/Jap%C3%B3n_en_los_Juegos_Ol%C3%ADmpicos_de_Pek%C3%ADn_2008","(JPN)","9","7","9","25"
"https://es.wikipedia.org/wiki/Anexo:Medallero_de_los_Juegos_Ol%C3%ADmpicos_de_Pek%C3%ADn_2008","9","https://upload.wikimedia.org/wikipedia/commons/thumb/0/03/Flag_of_Italy.svg/20px-Flag_of_Italy.svg.png","Bandera de Italia","Italia","https://es.wikipedia.org/wiki/Italia_en_los_Juegos_Ol%C3%ADmpicos_de_Pek%C3%ADn_2008","(ITA)","8","9","10","27"
"https://es.wikipedia.org/wiki/Anexo:Medallero_de_los_Juegos_Ol%C3%ADmpicos_de_Pek%C3%ADn_2008","10","https://upload.wikimedia.org/wikipedia/commons/thumb/c/c3/Flag_of_France.svg/20px-Flag_of_France.svg.png","Bandera de Francia","Francia","https://es.wikipedia.org/wiki/Francia_en_los_Juegos_Ol%C3%ADmpicos_de_Pek%C3%ADn_2008","(FRA)","7","16","20","43"
"https://es.wikipedia.org/wiki/Anexo:Medallero_de_los_Juegos_Ol%C3%ADmpicos_de_Pek%C3%ADn_2008","11","https://upload.wikimedia.org/wikipedia/commons/thumb/2/20/Flag_of_the_Netherlands.svg/20px-Flag_of_the_Netherlands.svg.png","Bandera de los Países Bajos","Países Bajos","https://es.wikipedia.org/wiki/Pa%C3%ADses_Bajos_en_los_Juegos_Ol%C3%ADmpicos_de_Pek%C3%ADn_2008","(NED)","7","5","4","16"
"https://es.wikipedia.org/wiki/Anexo:Medallero_de_los_Juegos_Ol%C3%ADmpicos_de_Pek%C3%ADn_2008","12","https://upload.wikimedia.org/wikipedia/commons/thumb/4/49/Flag_of_Ukraine.svg/20px-Flag_of_Ukraine.svg.png","Bandera de Ucrania","Ucrania","https://es.wikipedia.org/wiki/Ucrania_en_los_Juegos_Ol%C3%ADmpicos_de_Pek%C3%ADn_2008","(UKR)","7","4","11","22"
"https://es.wikipedia.org/wiki/Anexo:Medallero_de_los_Juegos_Ol%C3%ADmpicos_de_Pek%C3%ADn_2008","13","https://upload.wikimedia.org/wikipedia/commons/thumb/4/49/Flag_of_Kenya.svg/20px-Flag_of_Kenya.svg.png","Bandera de Kenia","Kenia","https://es.wikipedia.org/wiki/Kenia_en_los_Juegos_Ol%C3%ADmpicos_de_Pek%C3%ADn_2008","(KEN)","6","4","6","16"
"https://es.wikipedia.org/wiki/Anexo:Medallero_de_los_Juegos_Ol%C3%ADmpicos_de_Pek%C3%ADn_2008","14","https://upload.wikimedia.org/wikipedia/commons/thumb/9/9a/Flag_of_Spain.svg/20px-Flag_of_Spain.svg.png","Bandera de España","España","https://es.wikipedia.org/wiki/Espa%C3%B1a_en_los_Juegos_Ol%C3%ADmpicos_de_Pek%C3%ADn_2008","(ESP)","5","11","3","19"
"https://es.wikipedia.org/wiki/Anexo:Medallero_de_los_Juegos_Ol%C3%ADmpicos_de_Pek%C3%ADn_2008","15","https://upload.wikimedia.org/wikipedia/commons/thumb/0/0a/Flag_of_Jamaica.svg/20px-Flag_of_Jamaica.svg.png","Bandera de Jamaica","Jamaica","https://es.wikipedia.org/wiki/Jamaica_en_los_Juegos_Ol%C3%ADmpicos_de_Pek%C3%ADn_2008","(JAM)","5","4","1","10"
"https://es.wikipedia.org/wiki/Anexo:Medallero_de_los_Juegos_Ol%C3%ADmpicos_de_Pek%C3%ADn_2008","16","https://upload.wikimedia.org/wikipedia/commons/thumb/1/12/Flag_of_Poland.svg/20px-Flag_of_Poland.svg.png","Bandera de Polonia","Polonia","https://es.wikipedia.org/wiki/Polonia_en_los_Juegos_Ol%C3%ADmpicos_de_Pek%C3%ADn_2008","(POL)","4","5","2","11"
"https://es.wikipedia.org/wiki/Anexo:Medallero_de_los_Juegos_Ol%C3%ADmpicos_de_Pek%C3%ADn_2008","17","https://upload.wikimedia.org/wikipedia/commons/thumb/7/71/Flag_of_Ethiopia.svg/20px-Flag_of_Ethiopia.svg.png","Bandera de Etiopía","Etiopía","https://es.wikipedia.org/wiki/Etiop%C3%ADa_en_los_Juegos_Ol%C3%ADmpicos_de_Pek%C3%ADn_2008","(ETH)","4","2","1","7"
"https://es.wikipedia.org/wiki/Anexo:Medallero_de_los_Juegos_Ol%C3%ADmpicos_de_Pek%C3%ADn_2008","18","https://upload.wikimedia.org/wikipedia/commons/thumb/7/73/Flag_of_Romania.svg/20px-Flag_of_Romania.svg.png","Bandera de Rumania","Rumania","https://es.wikipedia.org/wiki/Rumania_en_los_Juegos_Ol%C3%ADmpicos_de_Pek%C3%ADn_2008","(ROU)","4","1","4","9"
"https://es.wikipedia.org/wiki/Anexo:Medallero_de_los_Juegos_Ol%C3%ADmpicos_de_Pek%C3%ADn_2008","19","https://upload.wikimedia.org/wikipedia/commons/thumb/b/bd/Flag_of_Cuba.svg/20px-Flag_of_Cuba.svg.png","Bandera de Cuba","Cuba","https://es.wikipedia.org/wiki/Cuba_en_los_Juegos_Ol%C3%ADmpicos_de_Pek%C3%ADn_2008","(CUB)","3","10","16","29"
"https://es.wikipedia.org/wiki/Anexo:Medallero_de_los_Juegos_Ol%C3%ADmpicos_de_Pek%C3%ADn_2008","20","https://upload.wikimedia.org/wikipedia/commons/thumb/d/d9/Flag_of_Canada_%28Pantone%29.svg/20px-Flag_of_Canada_%28Pantone%29.svg.png","Bandera de Canadá","Canadá","https://es.wikipedia.org/wiki/Canad%C3%A1_en_los_Juegos_Ol%C3%ADmpicos_de_Pek%C3%ADn_2008","(CAN)","3","9","8","20"
"https://es.wikipedia.org/wiki/Anexo:Medallero_de_los_Juegos_Ol%C3%ADmpicos_de_Pek%C3%ADn_2008","21","https://upload.wikimedia.org/wikipedia/commons/thumb/c/c1/Flag_of_Hungary.svg/20px-Flag_of_Hungary.svg.png","Bandera de Hungría","Hungría","https://es.wikipedia.org/wiki/Hungr%C3%ADa_en_los_Juegos_Ol%C3%ADmpicos_de_Pek%C3%ADn_2008","(HUN)","3","5","2","10"
"https://es.wikipedia.org/wiki/Anexo:Medallero_de_los_Juegos_Ol%C3%ADmpicos_de_Pek%C3%ADn_2008","22","https://upload.wikimedia.org/wikipedia/commons/thumb/d/d9/Flag_of_Norway.svg/20px-Flag_of_Norway.svg.png","Bandera de Noruega","Noruega","https://es.wikipedia.org/wiki/Noruega_en_los_Juegos_Ol%C3%ADmpicos_de_Pek%C3%ADn_2008","(NOR)","3","5","1","9"
"https://es.wikipedia.org/wiki/Anexo:Medallero_de_los_Juegos_Ol%C3%ADmpicos_de_Pek%C3%ADn_2008","23","https://upload.wikimedia.org/wikipedia/commons/thumb/0/05/Flag_of_Brazil.svg/20px-Flag_of_Brazil.svg.png","Bandera de Brasil","Brasil","https://es.wikipedia.org/wiki/Brasil_en_los_Juegos_Ol%C3%ADmpicos_de_Pek%C3%ADn_2008","(BRA)","3","4","9","16"
"https://es.wikipedia.org/wiki/Anexo:Medallero_de_los_Juegos_Ol%C3%ADmpicos_de_Pek%C3%ADn_2008","24","https://upload.wikimedia.org/wikipedia/commons/thumb/8/85/Flag_of_Belarus.svg/20px-Flag_of_Belarus.svg.png","Bandera de Bielorrusia","Bielorrusia","https://es.wikipedia.org/wiki/Bielorrusia_en_los_Juegos_Ol%C3%ADmpicos_de_Pek%C3%ADn_2008","(BLR)","3","4","7","14"
"https://es.wikipedia.org/wiki/Anexo:Medallero_de_los_Juegos_Ol%C3%ADmpicos_de_Pek%C3%ADn_2008","25","https://upload.wikimedia.org/wikipedia/commons/thumb/c/cb/Flag_of_the_Czech_Republic.svg/20px-Flag_of_the_Czech_Republic.svg.png","Bandera de República Checa","República Checa","https://es.wikipedia.org/wiki/Rep%C3%BAblica_Checa_en_los_Juegos_Ol%C3%ADmpicos_de_Pek%C3%ADn_2008","(CZE)","3","3","1","7"
"https://es.wikipedia.org/wiki/Anexo:Medallero_de_los_Juegos_Ol%C3%ADmpicos_de_Pek%C3%ADn_2008","26","https://upload.wikimedia.org/wikipedia/commons/thumb/e/e6/Flag_of_Slovakia.svg/20px-Flag_of_Slovakia.svg.png","Bandera de Eslovaquia","Eslovaquia","https://es.wikipedia.org/wiki/Eslovaquia_en_los_Juegos_Ol%C3%ADmpicos_de_Pek%C3%ADn_2008","(SVK)","3","3","0","6"
"https://es.wikipedia.org/wiki/Anexo:Medallero_de_los_Juegos_Ol%C3%ADmpicos_de_Pek%C3%ADn_2008","27","https://upload.wikimedia.org/wikipedia/commons/thumb/3/3e/Flag_of_New_Zealand.svg/20px-Flag_of_New_Zealand.svg.png","Bandera de Nueva Zelanda","Nueva Zelanda","https://es.wikipedia.org/wiki/Nueva_Zelanda_en_los_Juegos_Ol%C3%ADmpicos_de_Pek%C3%ADn_2008","(NZL)","3","2","4","9"
"https://es.wikipedia.org/wiki/Anexo:Medallero_de_los_Juegos_Ol%C3%ADmpicos_de_Pek%C3%ADn_2008","28","https://upload.wikimedia.org/wikipedia/commons/thumb/0/0f/Flag_of_Georgia.svg/20px-Flag_of_Georgia.svg.png","Bandera de Georgia","Georgia","https://es.wikipedia.org/wiki/Georgia_en_los_Juegos_Ol%C3%ADmpicos_de_Pek%C3%ADn_2008","(GEO)","3","2","2","7"
"https://es.wikipedia.org/wiki/Anexo:Medallero_de_los_Juegos_Ol%C3%ADmpicos_de_Pek%C3%ADn_2008","29","https://upload.wikimedia.org/wikipedia/commons/thumb/d/d3/Flag_of_Kazakhstan.svg/20px-Flag_of_Kazakhstan.svg.png","Bandera de Kazajistán","Kazajistán","https://es.wikipedia.org/wiki/Kazajist%C3%A1n_en_los_Juegos_Ol%C3%ADmpicos_de_Pek%C3%ADn_2008","(KAZ)","2","2","4","8"
"https://es.wikipedia.org/wiki/Anexo:Medallero_de_los_Juegos_Ol%C3%ADmpicos_de_Pek%C3%ADn_2008","30","https://upload.wikimedia.org/wikipedia/commons/thumb/9/9c/Flag_of_Denmark.svg/20px-Flag_of_Denmark.svg.png","Bandera de Dinamarca","Dinamarca","https://es.wikipedia.org/wiki/Dinamarca_en_los_Juegos_Ol%C3%ADmpicos_de_Pek%C3%ADn_2008","(DEN)","2","2","3","7"
"https://es.wikipedia.org/wiki/Anexo:Medallero_de_los_Juegos_Ol%C3%ADmpicos_de_Pek%C3%ADn_2008","31","https://upload.wikimedia.org/wikipedia/commons/thumb/5/51/Flag_of_North_Korea.svg/20px-Flag_of_North_Korea.svg.png","Bandera de Corea del Norte","Corea del Norte","https://es.wikipedia.org/wiki/Corea_del_Norte_en_los_Juegos_Ol%C3%ADmpicos_de_Pek%C3%ADn_2008","(PRK)","2","2","2","6"
"https://es.wikipedia.org/wiki/Anexo:Medallero_de_los_Juegos_Ol%C3%ADmpicos_de_Pek%C3%ADn_2008","31","https://upload.wikimedia.org/wikipedia/commons/thumb/a/a9/Flag_of_Thailand.svg/20px-Flag_of_Thailand.svg.png","Bandera de Tailandia","Tailandia","https://es.wikipedia.org/wiki/Tailandia_en_los_Juegos_Ol%C3%ADmpicos_de_Pek%C3%ADn_2008","(THA)","2","2","2","6"
"https://es.wikipedia.org/wiki/Anexo:Medallero_de_los_Juegos_Ol%C3%ADmpicos_de_Pek%C3%ADn_2008","33","https://upload.wikimedia.org/wikipedia/commons/thumb/4/4c/Flag_of_Mongolia.svg/20px-Flag_of_Mongolia.svg.png","Bandera de Mongolia","Mongolia","https://es.wikipedia.org/wiki/Mongolia_en_los_Juegos_Ol%C3%ADmpicos_de_Pek%C3%ADn_2008","(MGL)","2","2","0","4"
"https://es.wikipedia.org/wiki/Anexo:Medallero_de_los_Juegos_Ol%C3%ADmpicos_de_Pek%C3%ADn_2008","34","https://upload.wikimedia.org/wikipedia/commons/thumb/f/f3/Flag_of_Switzerland.svg/20px-Flag_of_Switzerland.svg.png","Bandera de Suiza","Suiza","https://es.wikipedia.org/wiki/Suiza_en_los_Juegos_Ol%C3%ADmpicos_de_Pek%C3%ADn_2008","(SUI)","2","1","4","7"
"https://es.wikipedia.org/wiki/Anexo:Medallero_de_los_Juegos_Ol%C3%ADmpicos_de_Pek%C3%ADn_2008","35","https://upload.wikimedia.org/wikipedia/commons/thumb/1/1a/Flag_of_Argentina.svg/20px-Flag_of_Argentina.svg.png","Bandera de Argentina","Argentina","https://es.wikipedia.org/wiki/Argentina_en_los_Juegos_Ol%C3%ADmpicos_de_Pek%C3%ADn_2008","(ARG)","2","0","4","6"
"https://es.wikipedia.org/wiki/Anexo:Medallero_de_los_Juegos_Ol%C3%ADmpicos_de_Pek%C3%ADn_2008","36","https://upload.wikimedia.org/wikipedia/commons/thumb/f/fc/Flag_of_Mexico.svg/20px-Flag_of_Mexico.svg.png","Bandera de México","México","https://es.wikipedia.org/wiki/M%C3%A9xico_en_los_Juegos_Ol%C3%ADmpicos_de_Pek%C3%ADn_2008","(MEX)","2","0","2","4"
"https://es.wikipedia.org/wiki/Anexo:Medallero_de_los_Juegos_Ol%C3%ADmpicos_de_Pek%C3%ADn_2008","37","https://upload.wikimedia.org/wikipedia/commons/thumb/9/92/Flag_of_Belgium_%28civil%29.svg/20px-Flag_of_Belgium_%28civil%29.svg.png","Bandera de Bélgica","Bélgica","https://es.wikipedia.org/wiki/B%C3%A9lgica_en_los_Juegos_Ol%C3%ADmpicos_de_Pek%C3%ADn_2008","(BEL)","2","0","0","2"
"https://es.wikipedia.org/wiki/Anexo:Medallero_de_los_Juegos_Ol%C3%ADmpicos_de_Pek%C3%ADn_2008","38","https://upload.wikimedia.org/wikipedia/commons/thumb/6/6a/Flag_of_Zimbabwe.svg/20px-Flag_of_Zimbabwe.svg.png","Bandera de Zimbabue","Zimbabue","https://es.wikipedia.org/wiki/Zimbabue_en_los_Juegos_Ol%C3%ADmpicos_de_Pek%C3%ADn_2008","(ZIM)","1","3","0","4"
"https://es.wikipedia.org/wiki/Anexo:Medallero_de_los_Juegos_Ol%C3%ADmpicos_de_Pek%C3%ADn_2008","39","https://upload.wikimedia.org/wikipedia/commons/thumb/f/f0/Flag_of_Slovenia.svg/20px-Flag_of_Slovenia.svg.png","Bandera de Eslovenia","Eslovenia","https://es.wikipedia.org/wiki/Eslovenia_en_los_Juegos_Ol%C3%ADmpicos_de_Pek%C3%ADn_2008","(SLO)","1","2","2","5"
"https://es.wikipedia.org/wiki/Anexo:Medallero_de_los_Juegos_Ol%C3%ADmpicos_de_Pek%C3%ADn_2008","40","https://upload.wikimedia.org/wikipedia/commons/thumb/d/dd/Flag_of_Azerbaijan.svg/20px-Flag_of_Azerbaijan.svg.png","Bandera de Azerbaiyán","Azerbaiyán","https://es.wikipedia.org/wiki/Azerbaiy%C3%A1n_en_los_Juegos_Ol%C3%ADmpicos_de_Pek%C3%ADn_2008","(AZE)","1","1","4","6"
"https://es.wikipedia.org/wiki/Anexo:Medallero_de_los_Juegos_Ol%C3%ADmpicos_de_Pek%C3%ADn_2008","40","https://upload.wikimedia.org/wikipedia/commons/thumb/9/9f/Flag_of_Indonesia.svg/20px-Flag_of_Indonesia.svg.png","Bandera de Indonesia","Indonesia","https://es.wikipedia.org/wiki/Indonesia_en_los_Juegos_Ol%C3%ADmpicos_de_Pek%C3%ADn_2008","(INA)","1","1","4","6"
"https://es.wikipedia.org/wiki/Anexo:Medallero_de_los_Juegos_Ol%C3%ADmpicos_de_Pek%C3%ADn_2008","43","https://upload.wikimedia.org/wikipedia/commons/thumb/9/9a/Flag_of_Bulgaria.svg/20px-Flag_of_Bulgaria.svg.png","Bandera de Bulgaria","Bulgaria","https://es.wikipedia.org/wiki/Bulgaria_en_los_Juegos_Ol%C3%ADmpicos_de_Pek%C3%ADn_2008","(BUL)","1","1","3","5"
"https://es.wikipedia.org/wiki/Anexo:Medallero_de_los_Juegos_Ol%C3%ADmpicos_de_Pek%C3%ADn_2008","43","https://upload.wikimedia.org/wikipedia/commons/thumb/b/b4/Flag_of_Turkey.svg/20px-Flag_of_Turkey.svg.png","Bandera de Turquía","Turquía","https://es.wikipedia.org/wiki/Turqu%C3%ADa_en_los_Juegos_Ol%C3%ADmpicos_de_Pek%C3%ADn_2008","(TUR)","1","1","3","5"
"https://es.wikipedia.org/wiki/Anexo:Medallero_de_los_Juegos_Ol%C3%ADmpicos_de_Pek%C3%ADn_2008","44","https://upload.wikimedia.org/wikipedia/commons/thumb/b/bc/Flag_of_Finland.svg/20px-Flag_of_Finland.svg.png","Bandera de Finlandia","Finlandia","https://es.wikipedia.org/wiki/Finlandia_en_los_Juegos_Ol%C3%ADmpicos_de_Pek%C3%ADn_2008","(FIN)","1","1","2","4"
"https://es.wikipedia.org/wiki/Anexo:Medallero_de_los_Juegos_Ol%C3%ADmpicos_de_Pek%C3%ADn_2008","44","https://upload.wikimedia.org/wikipedia/commons/thumb/1/14/Flag_of_Chinese_Taipei_for_Olympic_games.svg/20px-Flag_of_Chinese_Taipei_for_Olympic_games.svg.png","Bandera de China Taipéi","China Taipei","https://es.wikipedia.org/wiki/China_Taipei_en_los_Juegos_Ol%C3%ADmpicos","(TPE)","1","1","2","4"
"https://es.wikipedia.org/wiki/Anexo:Medallero_de_los_Juegos_Ol%C3%ADmpicos_de_Pek%C3%ADn_2008","46","https://upload.wikimedia.org/wikipedia/commons/thumb/8/84/Flag_of_Latvia.svg/20px-Flag_of_Latvia.svg.png","Bandera de Letonia","Letonia","https://es.wikipedia.org/wiki/Letonia_en_los_Juegos_Ol%C3%ADmpicos_de_Pek%C3%ADn_2008","(LAT)","1","1","1","3"
"https://es.wikipedia.org/wiki/Anexo:Medallero_de_los_Juegos_Ol%C3%ADmpicos_de_Pek%C3%ADn_2008","47","https://upload.wikimedia.org/wikipedia/commons/thumb/9/9f/Flag_of_the_Dominican_Republic.svg/20px-Flag_of_the_Dominican_Republic.svg.png","Bandera de República Dominicana","República Dominicana","https://es.wikipedia.org/wiki/Rep%C3%BAblica_Dominicana_en_los_Juegos_Ol%C3%ADmpicos_de_Pek%C3%ADn_2008","(DOM)","1","1","0","2"
"https://es.wikipedia.org/wiki/Anexo:Medallero_de_los_Juegos_Ol%C3%ADmpicos_de_Pek%C3%ADn_2008","47","https://upload.wikimedia.org/wikipedia/commons/thumb/8/8f/Flag_of_Estonia.svg/20px-Flag_of_Estonia.svg.png","Bandera de Estonia","Estonia","https://es.wikipedia.org/wiki/Estonia_en_los_Juegos_Ol%C3%ADmpicos_de_Pek%C3%ADn_2008","(EST)","1","1","0","2"
"https://es.wikipedia.org/wiki/Anexo:Medallero_de_los_Juegos_Ol%C3%ADmpicos_de_Pek%C3%ADn_2008","47","https://upload.wikimedia.org/wikipedia/commons/thumb/5/5c/Flag_of_Portugal.svg/20px-Flag_of_Portugal.svg.png","Bandera de Portugal","Portugal","https://es.wikipedia.org/wiki/Portugal_en_los_Juegos_Ol%C3%ADmpicos_de_Pek%C3%ADn_2008","(POR)","1","1","0","2"
"https://es.wikipedia.org/wiki/Anexo:Medallero_de_los_Juegos_Ol%C3%ADmpicos_de_Pek%C3%ADn_2008","50","https://upload.wikimedia.org/wikipedia/commons/thumb/4/41/Flag_of_India.svg/20px-Flag_of_India.svg.png","Bandera de India","India","https://es.wikipedia.org/wiki/India_en_los_Juegos_Ol%C3%ADmpicos_de_Pek%C3%ADn_2008","(IND)","1","0","2","3"
"https://es.wikipedia.org/wiki/Anexo:Medallero_de_los_Juegos_Ol%C3%ADmpicos_de_Pek%C3%ADn_2008","51","https://upload.wikimedia.org/wikipedia/commons/thumb/c/ca/Flag_of_Iran.svg/20px-Flag_of_Iran.svg.png","Bandera de Irán","Irán","https://es.wikipedia.org/wiki/Ir%C3%A1n_en_los_Juegos_Ol%C3%ADmpicos_de_Pek%C3%ADn_2008","(IRI)","1","0","1","2"
"https://es.wikipedia.org/wiki/Anexo:Medallero_de_los_Juegos_Ol%C3%ADmpicos_de_Pek%C3%ADn_2008","52","https://upload.wikimedia.org/wikipedia/commons/thumb/4/4f/Flag_of_Cameroon.svg/20px-Flag_of_Cameroon.svg.png","Bandera de Camerún","Camerún","https://es.wikipedia.org/wiki/Camer%C3%BAn_en_los_Juegos_Ol%C3%ADmpicos_de_Pek%C3%ADn_2008","(CMR)","1","0","0","1"
"https://es.wikipedia.org/wiki/Anexo:Medallero_de_los_Juegos_Ol%C3%ADmpicos_de_Pek%C3%ADn_2008","52","https://upload.wikimedia.org/wikipedia/commons/thumb/a/ab/Flag_of_Panama.svg/20px-Flag_of_Panama.svg.png","Bandera de Panamá","Panamá","https://es.wikipedia.org/wiki/Panam%C3%A1_en_los_Juegos_Ol%C3%ADmpicos_de_Pek%C3%ADn_2008","(PAN)","1","0","0","1"
"https://es.wikipedia.org/wiki/Anexo:Medallero_de_los_Juegos_Ol%C3%ADmpicos_de_Pek%C3%ADn_2008","52","https://upload.wikimedia.org/wikipedia/commons/thumb/c/ce/Flag_of_Tunisia.svg/20px-Flag_of_Tunisia.svg.png","Bandera de Túnez","Túnez","https://es.wikipedia.org/wiki/T%C3%BAnez_en_los_Juegos_Ol%C3%ADmpicos_de_Pek%C3%ADn_2008","(TUN)","1","0","0","1"
"https://es.wikipedia.org/wiki/Anexo:Medallero_de_los_Juegos_Ol%C3%ADmpicos_de_Pek%C3%ADn_2008","55","https://upload.wikimedia.org/wikipedia/commons/thumb/4/4c/Flag_of_Sweden.svg/20px-Flag_of_Sweden.svg.png","Bandera de Suecia","Suecia","https://es.wikipedia.org/wiki/Suecia_en_los_Juegos_Ol%C3%ADmpicos_de_Pek%C3%ADn_2008","(SWE)","0","4","1","5"
"https://es.wikipedia.org/wiki/Anexo:Medallero_de_los_Juegos_Ol%C3%ADmpicos_de_Pek%C3%ADn_2008","56","https://upload.wikimedia.org/wikipedia/commons/thumb/1/11/Flag_of_Lithuania.svg/20px-Flag_of_Lithuania.svg.png","Bandera de Lituania","Lituania","https://es.wikipedia.org/wiki/Lituania_en_los_Juegos_Ol%C3%ADmpicos_de_Pek%C3%ADn_2008","(LTU)","0","3","2","5"
"https://es.wikipedia.org/wiki/Anexo:Medallero_de_los_Juegos_Ol%C3%ADmpicos_de_Pek%C3%ADn_2008","56","https://upload.wikimedia.org/wikipedia/commons/thumb/7/79/Flag_of_Nigeria.svg/20px-Flag_of_Nigeria.svg.png","Bandera de Nigeria","Nigeria","https://es.wikipedia.org/wiki/Nigeria_en_los_Juegos_Ol%C3%ADmpicos_de_Pek%C3%ADn_2008","(NGR)","0","3","2","5"
"https://es.wikipedia.org/wiki/Anexo:Medallero_de_los_Juegos_Ol%C3%ADmpicos_de_Pek%C3%ADn_2008","58","https://upload.wikimedia.org/wikipedia/commons/thumb/1/1b/Flag_of_Croatia.svg/20px-Flag_of_Croatia.svg.png","Bandera de Croacia","Croacia","https://es.wikipedia.org/wiki/Croacia_en_los_Juegos_Ol%C3%ADmpicos_de_Pek%C3%ADn_2008","(CRO)","0","2","3","5"
"https://es.wikipedia.org/wiki/Anexo:Medallero_de_los_Juegos_Ol%C3%ADmpicos_de_Pek%C3%ADn_2008","59","https://upload.wikimedia.org/wikipedia/commons/thumb/2/21/Flag_of_Colombia.svg/20px-Flag_of_Colombia.svg.png","Bandera de Colombia","Colombia","https://es.wikipedia.org/wiki/Colombia_en_los_Juegos_Ol%C3%ADmpicos_de_Pek%C3%ADn_2008","(COL)","0","2","1","3"
"https://es.wikipedia.org/wiki/Anexo:Medallero_de_los_Juegos_Ol%C3%ADmpicos_de_Pek%C3%ADn_2008","59","https://upload.wikimedia.org/wikipedia/commons/thumb/5/5c/Flag_of_Greece.svg/20px-Flag_of_Greece.svg.png","Bandera de Grecia","Grecia","https://es.wikipedia.org/wiki/Grecia_en_los_Juegos_Ol%C3%ADmpicos_de_Pek%C3%ADn_2008","(GRE)","0","2","1","3"
"https://es.wikipedia.org/wiki/Anexo:Medallero_de_los_Juegos_Ol%C3%ADmpicos_de_Pek%C3%ADn_2008","61","https://upload.wikimedia.org/wikipedia/commons/thumb/6/64/Flag_of_Trinidad_and_Tobago.svg/20px-Flag_of_Trinidad_and_Tobago.svg.png","Bandera de Trinidad y Tobago","Trinidad y Tobago","https://es.wikipedia.org/wiki/Trinidad_y_Tobago_en_los_Juegos_Ol%C3%ADmpicos_de_Pek%C3%ADn_2008","(TRI)","0","2","0","2"
"https://es.wikipedia.org/wiki/Anexo:Medallero_de_los_Juegos_Ol%C3%ADmpicos_de_Pek%C3%ADn_2008","62","https://upload.wikimedia.org/wikipedia/commons/thumb/2/2f/Flag_of_Armenia.svg/20px-Flag_of_Armenia.svg.png","Bandera de Armenia","Armenia","https://es.wikipedia.org/wiki/Armenia_en_los_Juegos_Ol%C3%ADmpicos_de_Pek%C3%ADn_2008","(ARM)","0","1","4","5"
"https://es.wikipedia.org/wiki/Anexo:Medallero_de_los_Juegos_Ol%C3%ADmpicos_de_Pek%C3%ADn_2008","63","https://upload.wikimedia.org/wikipedia/commons/thumb/8/84/Flag_of_Uzbekistan.svg/20px-Flag_of_Uzbekistan.svg.png","Bandera de Uzbekistán","Uzbekistán","https://es.wikipedia.org/wiki/Uzbekist%C3%A1n_en_los_Juegos_Ol%C3%ADmpicos_de_Pek%C3%ADn_2008","(UZB)","0","1","3","4"
"https://es.wikipedia.org/wiki/Anexo:Medallero_de_los_Juegos_Ol%C3%ADmpicos_de_Pek%C3%ADn_2008","64","https://upload.wikimedia.org/wikipedia/commons/thumb/4/41/Flag_of_Austria.svg/20px-Flag_of_Austria.svg.png","Bandera de Austria","Austria","https://es.wikipedia.org/wiki/Austria_en_los_Juegos_Ol%C3%ADmpicos_de_Pek%C3%ADn_2008","(AUT)","0","1","2","3"
"https://es.wikipedia.org/wiki/Anexo:Medallero_de_los_Juegos_Ol%C3%ADmpicos_de_Pek%C3%ADn_2008","64","https://upload.wikimedia.org/wikipedia/commons/thumb/4/45/Flag_of_Ireland.svg/20px-Flag_of_Ireland.svg.png","Bandera de Irlanda","Irlanda","https://es.wikipedia.org/wiki/Irlanda_en_los_Juegos_Ol%C3%ADmpicos_de_Pek%C3%ADn_2008","(IRL)","0","1","2","3"
"https://es.wikipedia.org/wiki/Anexo:Medallero_de_los_Juegos_Ol%C3%ADmpicos_de_Pek%C3%ADn_2008","64","https://upload.wikimedia.org/wikipedia/commons/thumb/c/c7/Flag_of_Kyrgyzstan.svg/20px-Flag_of_Kyrgyzstan.svg.png","Bandera de Kirguistán","Kirguistán","https://es.wikipedia.org/wiki/Kirguist%C3%A1n_en_los_Juegos_Ol%C3%ADmpicos_de_Pek%C3%ADn_2008","(KGZ)","0","1","2","3"
"https://es.wikipedia.org/wiki/Anexo:Medallero_de_los_Juegos_Ol%C3%ADmpicos_de_Pek%C3%ADn_2008","64","https://upload.wikimedia.org/wikipedia/commons/thumb/f/ff/Flag_of_Serbia.svg/20px-Flag_of_Serbia.svg.png","Bandera de Serbia","Serbia","https://es.wikipedia.org/wiki/Serbia_en_los_Juegos_Ol%C3%ADmpicos_de_Pek%C3%ADn_2008","(SRB)","0","1","2","3"
"https://es.wikipedia.org/wiki/Anexo:Medallero_de_los_Juegos_Ol%C3%ADmpicos_de_Pek%C3%ADn_2008","68","https://upload.wikimedia.org/wikipedia/commons/thumb/7/77/Flag_of_Algeria.svg/20px-Flag_of_Algeria.svg.png","Bandera de Argelia","Argelia","https://es.wikipedia.org/wiki/Argelia_en_los_Juegos_Ol%C3%ADmpicos_de_Pek%C3%ADn_2008","(ALG)","0","1","1","2"
"https://es.wikipedia.org/wiki/Anexo:Medallero_de_los_Juegos_Ol%C3%ADmpicos_de_Pek%C3%ADn_2008","68","https://upload.wikimedia.org/wikipedia/commons/thumb/9/93/Flag_of_the_Bahamas.svg/20px-Flag_of_the_Bahamas.svg.png","Bandera de Bahamas","Bahamas","https://es.wikipedia.org/wiki/Bahamas_en_los_Juegos_Ol%C3%ADmpicos_de_Pek%C3%ADn_2008","(BAH)","0","1","1","2"
"https://es.wikipedia.org/wiki/Anexo:Medallero_de_los_Juegos_Ol%C3%ADmpicos_de_Pek%C3%ADn_2008","68","https://upload.wikimedia.org/wikipedia/commons/thumb/2/2c/Flag_of_Morocco.svg/20px-Flag_of_Morocco.svg.png","Bandera de Marruecos","Marruecos","https://es.wikipedia.org/wiki/Marruecos_en_los_Juegos_Ol%C3%ADmpicos_de_Pek%C3%ADn_2008","(MAR)","0","1","1","2"
"https://es.wikipedia.org/wiki/Anexo:Medallero_de_los_Juegos_Ol%C3%ADmpicos_de_Pek%C3%ADn_2008","68","https://upload.wikimedia.org/wikipedia/commons/thumb/d/d0/Flag_of_Tajikistan.svg/20px-Flag_of_Tajikistan.svg.png","Bandera de Tayikistán","Tayikistán","https://es.wikipedia.org/wiki/Tayikist%C3%A1n_en_los_Juegos_Ol%C3%ADmpicos_de_Pek%C3%ADn_2008","(TJK)","0","1","1","2"
"https://es.wikipedia.org/wiki/Anexo:Medallero_de_los_Juegos_Ol%C3%ADmpicos_de_Pek%C3%ADn_2008","72","https://upload.wikimedia.org/wikipedia/commons/thumb/7/78/Flag_of_Chile.svg/20px-Flag_of_Chile.svg.png","Bandera de Chile","Chile","https://es.wikipedia.org/wiki/Chile_en_los_Juegos_Ol%C3%ADmpicos_de_Pek%C3%ADn_2008","(CHI)","0","1","0","1"
"https://es.wikipedia.org/wiki/Anexo:Medallero_de_los_Juegos_Ol%C3%ADmpicos_de_Pek%C3%ADn_2008","72","https://upload.wikimedia.org/wikipedia/commons/thumb/e/e8/Flag_of_Ecuador.svg/20px-Flag_of_Ecuador.svg.png","Bandera de Ecuador","Ecuador","https://es.wikipedia.org/wiki/Ecuador_en_los_Juegos_Ol%C3%ADmpicos_de_Pek%C3%ADn_2008","(ECU)","0","1","0","1"
"https://es.wikipedia.org/wiki/Anexo:Medallero_de_los_Juegos_Ol%C3%ADmpicos_de_Pek%C3%ADn_2008","72","https://upload.wikimedia.org/wikipedia/commons/thumb/c/ce/Flag_of_Iceland.svg/20px-Flag_of_Iceland.svg.png","Bandera de Islandia","Islandia","https://es.wikipedia.org/wiki/Islandia_en_los_Juegos_Ol%C3%ADmpicos_de_Pek%C3%ADn_2008","(ISL)","0","1","0","1"
"https://es.wikipedia.org/wiki/Anexo:Medallero_de_los_Juegos_Ol%C3%ADmpicos_de_Pek%C3%ADn_2008","72","https://upload.wikimedia.org/wikipedia/commons/thumb/6/66/Flag_of_Malaysia.svg/20px-Flag_of_Malaysia.svg.png","Bandera de Malasia","Malasia","https://es.wikipedia.org/wiki/Malasia_en_los_Juegos_Ol%C3%ADmpicos_de_Pek%C3%ADn_2008","(MAS)","0","1","0","1"
"https://es.wikipedia.org/wiki/Anexo:Medallero_de_los_Juegos_Ol%C3%ADmpicos_de_Pek%C3%ADn_2008","72","https://upload.wikimedia.org/wikipedia/commons/thumb/3/31/Flag_of_Samoa.svg/20px-Flag_of_Samoa.svg.png","Bandera de Samoa","Samoa","https://es.wikipedia.org/wiki/Samoa_en_los_Juegos_Ol%C3%ADmpicos_de_Pek%C3%ADn_2008","(SAM)","0","1","0","0"
"https://es.wikipedia.org/wiki/Anexo:Medallero_de_los_Juegos_Ol%C3%ADmpicos_de_Pek%C3%ADn_2008","72","https://upload.wikimedia.org/wikipedia/commons/thumb/4/48/Flag_of_Singapore.svg/20px-Flag_of_Singapore.svg.png","Bandera de Singapur","Singapur","https://es.wikipedia.org/wiki/Singapur_en_los_Juegos_Ol%C3%ADmpicos_de_Pek%C3%ADn_2008","(SIN)","0","1","0","1"
"https://es.wikipedia.org/wiki/Anexo:Medallero_de_los_Juegos_Ol%C3%ADmpicos_de_Pek%C3%ADn_2008","72","https://upload.wikimedia.org/wikipedia/commons/thumb/a/af/Flag_of_South_Africa.svg/20px-Flag_of_South_Africa.svg.png","Bandera de Sudáfrica","Sudáfrica","https://es.wikipedia.org/wiki/Sud%C3%A1frica_en_los_Juegos_Ol%C3%ADmpicos_de_Pek%C3%ADn_2008","(RSA)","0","1","0","1"
"https://es.wikipedia.org/wiki/Anexo:Medallero_de_los_Juegos_Ol%C3%ADmpicos_de_Pek%C3%ADn_2008","72","https://upload.wikimedia.org/wikipedia/commons/thumb/0/01/Flag_of_Sudan.svg/20px-Flag_of_Sudan.svg.png","Bandera de Sudán","Sudán","https://es.wikipedia.org/wiki/Sud%C3%A1n_en_los_Juegos_Ol%C3%ADmpicos_de_Pek%C3%ADn_2008","(SUD)","0","1","0","1"
"https://es.wikipedia.org/wiki/Anexo:Medallero_de_los_Juegos_Ol%C3%ADmpicos_de_Pek%C3%ADn_2008","72","https://upload.wikimedia.org/wikipedia/commons/thumb/2/21/Flag_of_Vietnam.svg/20px-Flag_of_Vietnam.svg.png","Bandera de Vietnam","Vietnam","https://es.wikipedia.org/wiki/Vietnam_en_los_Juegos_Ol%C3%ADmpicos_de_Pek%C3%ADn_2008","(VIE)","0","1","0","1"
"https://es.wikipedia.org/wiki/Anexo:Medallero_de_los_Juegos_Ol%C3%ADmpicos_de_Pek%C3%ADn_2008","81","https://upload.wikimedia.org/wikipedia/commons/thumb/f/fe/Flag_of_Egypt.svg/20px-Flag_of_Egypt.svg.png","Bandera de Egipto","Egipto","https://es.wikipedia.org/wiki/Egipto_en_los_Juegos_Ol%C3%ADmpicos_de_Pek%C3%ADn_2008","(EGY)","0","0","2","2"
"https://es.wikipedia.org/wiki/Anexo:Medallero_de_los_Juegos_Ol%C3%ADmpicos_de_Pek%C3%ADn_2008","82","https://upload.wikimedia.org/wikipedia/commons/thumb/9/9a/Flag_of_Afghanistan.svg/20px-Flag_of_Afghanistan.svg.png","Bandera de Afganistán","Afganistán","https://es.wikipedia.org/wiki/Afganist%C3%A1n_en_los_Juegos_Ol%C3%ADmpicos_de_Pek%C3%ADn_2008","(AFG)","0","0","1","1"
"https://es.wikipedia.org/wiki/Anexo:Medallero_de_los_Juegos_Ol%C3%ADmpicos_de_Pek%C3%ADn_2008","82","https://upload.wikimedia.org/wikipedia/commons/thumb/d/d4/Flag_of_Israel.svg/20px-Flag_of_Israel.svg.png","Bandera de Israel","Israel","https://es.wikipedia.org/wiki/Israel_en_los_Juegos_Ol%C3%ADmpicos_de_Pek%C3%ADn_2008","(ISR)","0","0","1","1"
"https://es.wikipedia.org/wiki/Anexo:Medallero_de_los_Juegos_Ol%C3%ADmpicos_de_Pek%C3%ADn_2008","82","https://upload.wikimedia.org/wikipedia/commons/thumb/7/77/Flag_of_Mauritius.svg/20px-Flag_of_Mauritius.svg.png","Bandera de Mauricio","Mauricio","https://es.wikipedia.org/wiki/Mauricio_en_los_Juegos_Ol%C3%ADmpicos_de_Pek%C3%ADn_2008","(MRI)","0","0","1","1"
"https://es.wikipedia.org/wiki/Anexo:Medallero_de_los_Juegos_Ol%C3%ADmpicos_de_Pek%C3%ADn_2008","82","https://upload.wikimedia.org/wikipedia/commons/thumb/2/27/Flag_of_Moldova.svg/20px-Flag_of_Moldova.svg.png","Bandera de Moldavia","Moldavia","https://es.wikipedia.org/wiki/Moldavia_en_los_Juegos_Ol%C3%ADmpicos_de_Pek%C3%ADn_2008","","0","0","1","1"
"https://es.wikipedia.org/wiki/Anexo:Medallero_de_los_Juegos_Ol%C3%ADmpicos_de_Pek%C3%ADn_2008","82","https://upload.wikimedia.org/wikipedia/commons/thumb/6/68/Flag_of_Togo.svg/20px-Flag_of_Togo.svg.png","Bandera de Togo","Togo","https://es.wikipedia.org/wiki/Togo_en_los_Juegos_Ol%C3%ADmpicos_de_Pek%C3%ADn_2008","","0","0","1","1"
"https://es.wikipedia.org/wiki/Anexo:Medallero_de_los_Juegos_Ol%C3%ADmpicos_de_Pek%C3%ADn_2008","82","https://upload.wikimedia.org/wikipedia/commons/thumb/0/06/Flag_of_Venezuela.svg/20px-Flag_of_Venezuela.svg.png","Bandera de Venezuela","Venezuela","https://es.wikipedia.org/wiki/Venezuela_en_los_Juegos_Ol%C3%ADmpicos_de_Pek%C3%ADn_2008","","0","0","1","1"
